delta,match,event_J,event_J_std,event_bits,event_bits_std,event_N_tx,periodic_M,periodic_J,periodic_J_std,periodic_bits,periodic_bits_std,periodic_N_tx
0.1,updates,3127722352789.9253,31138355937.518353,191964.8,64.1928130040997,1748.5666666666666,1,3127320577250.3115,31033252337.29152,192000.0,0.0,1746.9666666666667
0.1,bits,3127722352789.9253,31138355937.518353,191964.8,64.1928130040997,1748.5666666666666,1,3127320577250.3115,31033252337.29152,192000.0,0.0,1746.9666666666667
0.5,updates,3114102620845.094,36426591931.01278,181424.0,1027.8118706160726,1656.7333333333333,1,3127320577250.3115,31033252337.29152,192000.0,0.0,1746.9666666666667
0.5,bits,3114102620845.094,36426591931.01278,181424.0,1027.8118706160726,1656.7333333333333,1,3127320577250.3115,31033252337.29152,192000.0,0.0,1746.9666666666667
1.0,updates,59362540185.769806,237836649097.1895,11116.8,34227.8698203873,99.43333333333334,20,641241906150.9323,129645945343.81117,9600.0,0.0,88.0
1.0,bits,59362540185.769806,237836649097.1895,11116.8,34227.8698203873,99.43333333333334,17,860328729392.5853,152552988281.33932,11328.0,0.0,104.1
