bit_budget_total,J_mean,J_std,bits_mean,rms_mean,N_tx_mean
200000,3114102620845.094,36426591931.01278,181424.0,12493.546463763607,1656.7333333333333
500000,3114102620845.094,36426591931.01278,181424.0,12493.546463763607,1656.7333333333333
1000000,3114102620845.094,36426591931.01278,181424.0,12493.546463763607,1656.7333333333333
2000000,3114102620845.094,36426591931.01278,181424.0,12493.546463763607,1656.7333333333333
