setting,rms_avg_mean,rms_avg_std,bits_mean,bits_std,tx_meas_mean,tx_meas_std,tx_share_mean,tx_share_std,fail_rate
"2-UAV, no sharing (event)",12516.095133117045,39.48850958125723,372720.0,2797.55682882874,3882.5,29.14121696696604,0.0,0.0,1.0
"2-UAV, event-triggered pose sharing (event)",12514.966950838607,49.196203038991705,648132.8,2119.394392149249,3882.05,22.462776226225326,3443.2,4.78594433292895,1.0
"2-UAV, no sharing (periodic)",9174.752312033263,269.57935896988596,38400.0,0.0,400.0,0.0,0.0,0.0,1.0
"2-UAV, event-triggered pose sharing (periodic)",9257.282070992103,217.6847622289398,307988.0,1163.7398877394335,400.0,0.0,3369.85,14.54674859674292,1.0
"2-UAV, no sharing (random)",9383.256460809938,295.10952105681224,76756.8,1487.7065924647768,799.55,15.496943671508093,0.0,0.0,1.0
"2-UAV, event-triggered pose sharing (random)",9255.065720693932,331.4138487781789,347530.4,1922.1130477734791,800.4,16.404107316221303,3383.65,11.617930787772567,1.0
