delta,J_mean,N_tx_mean,tx_rate_mean,bits_mean
0.01,3127320577250.3115,1746.9666666666667,0.8734833333333332,192000.0
0.02053525026457146,3127320577250.3115,1746.9666666666667,0.8734833333333332,192000.0
0.042169650342858224,3127320577250.3115,1746.9666666666667,0.8734833333333332,192000.0
0.08659643233600653,3127603527569.234,1747.2,0.8735999999999999,191977.6
0.1778279410038923,3124827413117.4385,1744.2333333333333,0.8721166666666667,191667.2
0.3651741272548377,3127133867591.701,1712.0,0.8560000000000001,187942.4
0.7498942093324559,2699050652624.509,1495.8,0.7478999999999999,163785.6
1.539926526059492,8478.46059623251,0.0,0.0,0.0
3.1622776601683795,8478.46059623251,0.0,0.0,0.0
